inmobiliaria,precio canon,administracion,zona,ciudad,habitaciones,baños,metros_cuadrados,descripcion
Gestiones Inmobiliarias F. T. SAS,3880000.0,620000.0,Chapinero,Bogotá,3,2,75.0,"Moderno apartamento AMOBLADO con terraza ubicado en Chapinero Central. El apartamento cuenta en el primer piso con zona social en un ambiente con doble altura y cocina abierta. En el segundo piso cuenta dos terrazas y con tres habitaciones, la principal con baño, las otras dos habitaciones comparten baño completo. La tercera habitación actualmente está adaptada como estudio. En el segundo piso cuenta con zona de lavandería independiente. El apartamento cuenta con dos parqueaderos."
Houm,4500000.0,0.0,Chapinero,Bogotá,2,2,163.0,"[ARR] ID HOUM: 161634 Entérate de todos los beneficios al arrendar con nosotros: • Asistencia e intermediación con el propietario • Firma tu contrato online • Arrienda sin burocracia, sin papeleos ni notarías Departamento en arriendo, ubicado en el barrio Pardo Rubio, con una superficie construida de 163.00 m² y superficie total de 163.00 m². Sus principales características son: • No amoblado • 2 dormitorios • 2 baños • Admite mascotas • 2 parqueaderos • Año de construcción: 2020 • Bodega Si arriendas con nosotros, te brindamos asesoría personalizada durante todo el proceso. Requisitos para arrendar con nosotros: • Arrienda sin codeudor*, fácil, rápido y seguro • Demuestra un ingreso mensual neto de al menos 2.5 veces el valor del arriendo (los ingresos mensuales se pueden complementar por las personas que vivirán en este inmueble) • Completa tu información básica y mándanos tus extractos bancarios o documentos que demuestren tus ingresos • No debes tener reportes negativos en centrales de crédito IMPORTANTE: • Te invitamos a agendar una visita a esta propiedad • Si tienes alguna duda por favor puedes solicitar más información desde los portales como también contactarte directamente con nosotros Más que una inmobiliaria, somos Houm. *Aplican T&C"
Inmovibe,5000000.0,0.0,Chapinero,Bogotá,2,1,70.0,"ARRIENDO APARTAMENTO AMOBLADO – EL NOGAL Canon: $5.000.000 (administración incluida) Área: 70 m² Piso alto Apartamento amoblado con vista espectacular a los cerros y a la carrera novena, ubicado en uno de los sectores más exclusivos de Bogotá. Distribución: 2 habitaciones 1 baño Walking closet Cocina abierta Sala comedor 1 parqueadero Zona de lavandería en el edificio. Ideal para pareja o profesionales que busquen ubicación estratégica, vista privilegiada y apartamento listo para habitar. Ref Arq"
Eliana Galan,1650000.0,0.0,Chapinero,Bogotá,1,1,24.65,"Apartaestudio para estrenar, con excelentes acabados, 6 piso, espacio abierto, cocina, baño, iluminado, estrato 4. Cerca a vías de acceso, parque, estaciones de transmilenio, paraderos SITP, zona bancaria, zona comercial y gastronomica, Almacenes de cadena y Universidades."
Inmobiliaria Prego SAS,3200000.0,0.0,Chapinero,Bogotá,2,2,65.0,"Hoy te traemos un lindo y cogedor apartamento en Chapinero Alto, cerca a la zona G, sector de Nueva Granada, amplio, iluminado y con un ambiente tranquilo, ideal para quienes buscan comodidad, ubicación, cerca a universidades, zonas gastronómicas, y excelentes vías; el apartamento consta de sala comedor amplia, balcón, cocina integral, zona de ropas, dos habitaciones la principal con walking closet y baño privado, un segundo baño de habitaciones, parqueadero cubierto, el edificio te ofrece, salón social, gym, sauna, jacuzzi, bicicletero, vigilancia 24/7 Ven y lo conoces te encantará!!"
Rentabien S.A.S,1100000.0,301200.0,Chapinero,Bogotá,1,1,22.0,"Aparta-estudio tipo loft en arriendo, ubicado en tercer piso con ascensor, cuenta con un closet, un baño, pisos en madera laminada, cocina integral eléctrica, calentador eléctrico, zona de lavandería, el apartamento es vista exterior, tiene cortinas en tela, el edificio tiene terraza BBQ, gimnasio."
,2400000.0,0.0,Chapinero,Bogotá,1,1,21.0,"Este acogedor APARTAESTUDIO DE UN SOLO AMBIENTE Y CON UNA FABULOSA TERRAZA DE 10 M2 se encuentra en Chapinero Alto, recién remodelado, es ideal para quienes buscan independencia y comodidad en una de las zonas más dinámicas de la ciudad. Ubicado en un segundo piso, la propiedad cuenta con un diseño funcional, closet amplio y cocina practica. Cuenta con seguridad 24 horas, proporcionando tranquilidad. No cuenta con estacionamiento para carro, sin embargo, su ubicación estratégica permite acceder fácilmente a opciones de transporte público y disfrutar de la amplia oferta de servicios, restaurantes y entretenimiento con las que cuenta la zona. Se alquila con lavadora. El edificio cuenta con terraza, un sencillo salón comunal y gimnasio. No pierdas esta oportunidad de vivir en uno de los barrios más deseados de Bogotá."
,8800000.0,0.0,Chapinero,Bogotá,2,3,135.0,"ARRIENDO lindo y acogedor apto en ROSALES (circunvalar con 78), exterior con vista verde al occidente, piso 4 ? $ ***con admin incluida * 135 metros * ⁠2 alcobas * ⁠3 baños * ⁠Family Room * ⁠Sala comedor con chimenea y salida a balcón * ⁠Cocina semi abierta * ⁠ Zonq de lavandería independiente * ⁠Cuarto y baño de servicio * ⁠2 parqueaderos * ⁠Depósito * ⁠18 años de construido Edificio con doble portería, vigilancia 24/7, gimnasio, terraza, sala de juntas, salón para escoltas, planta eléctrica, caldera y parqueaderos de visitantes"
,5372300.0,627700.0,Chapinero,Bogotá,2,2,88.0,"Bonito apartamento AMOBLADO remodelado ubicado en Rosales abajo de la circunvalar. El apartamento cuenta con amplia zona social con chimenea, comedor, cocina abierta, con zona de lavandería independiente, amplio estudio, dos habitaciones, la prinicipal con baño, baño auxiliar completo para la otra habitación. El apartamento cuenta con parqueadero independiente y depósito. El edificio cuenta con salón comunal, parque infantil y vigilancia 24 horas. (Precio Administración 2025, sin reajuste todavía)."
,5000000.0,0.0,Chapinero,Bogotá,3,3,100.0,"Descubre la elegancia y comodidad en este exclusivo apartamento en arriendo ubicado en una de las zonas más prestigiosas de la ciudad Chapinero Alto. Tipo Duplex con 3 habitaciones amplias y luminosas, 3 baños modernos y funcionales, y 100 metros cuadrados distribuidos de manera inteligente para aprovechar al máximo cada espacio. Además, cuenta con 1 parqueadero (cubierto) para tu conveniencia. Disfruta de acabados de alta calidad y una vista panorámica que te dejará sin aliento. Ubicado en Conjunto residencial (ascensor, zona para niños, salón comunal, plazoleta, zonas verdes, canchas mixtas) Vive la experiencia de lujo que mereces en este inmueble único. ¡No dejes pasar esta oportunidad!"
,12000000.0,0.0,Chapinero,Bogotá,8,6,291.0,"Ofrecemos para venta o alquiler este grandioso apartamento, a pocos metros de la zona financiera de Bogotá. Ubicado en la tercera planta, a donde accedes a través de una linda escalera, cuenta con vista exterior a la ciudad. Se trata de un edificio de conservación arquitectónica, en donde encuentras prácticamente dos apartamentos, con un total de 8 habitaciones. Es perfecto para familias grandes o para aquellos que buscan mucho espacio para vivir y trabajar. El apartamento presume de una extensiva área de sala comedor con chimenea; ideal para las reuniones con amigos o para los ratos de tranquilidad en familia. La cocina está equipada con lo necesario. Incluye además una zona de lavandería separada. Aunque no cuenta con parqueaderos individuales, se ofrecen tres espacios en línea para cubrir las necesidades de estacionamiento. No lo pienses más: este apartamento representa una muy buena oportunidad en uno de los barrios más codiciados de Bogotá. ¡No la pierdas! Pide tu visita ya!"
,18000000.0,2000000.0,Chapinero,Bogotá,4,5,308.0,"ESPACIOS ABIERTOS te presenta Apartamento en venta ubicado en Rosales, cuenta con 308 mts. Disfrute de una amplia zona social con iluminación natural, vista exterior, terraza y balcón. Amplia zona de recibo y social con cocina integral y zona de lavado, 3,5 baños, 4 habitaciones, dos de ellas con baño privado, cuarto de servicio con baño, estudio y estar de alcobas, tres parqueaderos. Club House piscina, jacuzzi, BBQ, gimnasio, salón escoltas. Ubicado circunvalar con cl 72 , zona exclusiva de la ciudad rodeada de naturaleza. Un hogar pensado en su comodidad y las exigencias de la vida moderna. ¡contáctenos! 315 ocho cero tres noventa y nueve treinta."
,6750000.0,1750000.0,Chapinero,Bogotá,3,3,200.0,"Apartamento en Rosales, Chapinero. Ubicado en una prestigiosa zona residencial, este apartamento de 200 metros cuadrados combina el encanto del estilo clásico con amplios y confortables espacios. Ideal para familias que buscan un hogar elegante y funcional, este apartamento ofrece 3 habitaciones luminosas, un estudio perfecto para trabajar desde casa, una espaciosa sala comedor, cocina bien equipada, área de ropas y cuarto de servicio. Con 3 baños completos y dos terrazas (sur y norte) de aproximadamente 75 m², podrás disfrutar de vistas y aire fresco. Además, cuenta con calentador eléctrico, dos parqueaderos privados y un depósito adicional para almacenamiento extra. No dejes pasar la oportunidad de vivir en este magnífico apartamento, ubicado en una excelente zona residencial que ofrece tranquilidad, seguridad y fácil acceso a servicios, tiendas y transporte. Agenda tu visita hoy mismo y descubre el hogar que siempre has soñado. Zona 1"
,2500000.0,0.0,Chapinero,Bogotá,1,1,51.0,"Hermoso apartamento duplex de 51 mts2, sala comedor con chimenea y balcón, cocina integral, alcoba con walk-in closet, baño, zona de lavandería, parqueadero cubierto, Edificio domotizado, cerca a Cra. 7, calle 53, hospital militar, universidades , transporte publico , etc........."
,2700000.0,0.0,Chapinero,Bogotá,2,1,60.0,"Por favor Tenga en cuenta que la propiedad NO cuenta con GARAJE, ASCENSOR y está en un edificio AUTOMATIZADO. Descubra este encantador apartamento en arriendo, estratégicamente ubicado en el corazón de Quinta Camacho, a menos de media cuadra del reconocido Astor Plaza. Situado en un cuarto piso con vista exterior, este hogar ofrece un ambiente acogedor y luminoso. Cuenta con dos habitaciones, una espaciosa principal y una mediana, ideales para su comodidad. La cocina abierta se integra armoniosamente con la sala comedor, que además incluye una chimenea, creando un espacio perfecto para el entretenimiento y el relax. Disfrute de una terraza privada, ideal para momentos al aire libre. El apartamento dispone de un baño completo. Tenga en cuenta que la propiedad no cuenta con garaje."
,5500000.0,2500000.0,Chapinero,Bogotá,2,2,195.0,"Acogedor apartamento para arriendo con una excelente zona social con una sala, estudio en un mismo ambiente, comedor independiente, cocina integral a gas, zona de lavandería independiente, dos alcobas amplias cada una con su baño privado. ***"
,1500000.0,0.0,Chapinero,Bogotá,2,1,52.0,"Magnifico apartamento en el barrio Ricaurte, 36 M2 aprox, excelente ubicación, cerca de la av. principal como lo es la av. Calle 6, frente al puente del Cra 30 comuneros sector muy comercial con excelentes vías de acceso, colegios, hospitales cerca al sector, con 2 habitación baño sala comedor cocina y zona de lavado, con espacios amplios y bien iluminados. Para más información comunicarse al número ***o al correo electrónico yolanda.paradainmobiliariabogota.com. el equipo de inmobiliaria Bogotá está comprometido a brindar una excelente experiencia de vida excepcional para nuestros clientes desde el momento en que se unen a nuestra comunidad ***"
,3150000.0,0.0,Chapinero,Bogotá,1,1,50.0,"Excelente apartamento de 50 m² más terraza privada de 20 m² con vista exterior. Cuenta con 1 habitación con baño privado y Vestier, zona social, cocina tipo americana, cuarto de ropas y 1 parqueadero. Se entrega con cortineria instalada y calentador a gas. El canon incluye administración y parqueadero. El edificio cuenta con zona club house: piscina, gimnasio, sauna, zona de masajes, salón comunal, sala de cine, coworking, salas de reuniones, terraza con BBQ, parque infantil, parque para mascotas y parqueadero para visitantes. Vigilancia 24/7. espacios incluidos en la administracion. Ubicación estratégica cerca de la Calle 72, rodeado de zona empresarial, comercio y restaurantes. A pocos minutos de la Universidad Pedagógica, Universidad Sergio Arboleda y Universidad Javeriana. Ideal para profesionales y estudiantes que buscan comodidad, ubicación y excelentes amenidades. para mayor información contactar mediante whatsapp."
,15400000.0,3600000.0,Chapinero,Bogotá,3,5,232.0,"VENTA / ARRIENDO – Apartamento en Rosales Amplio apartamento semiremodelado, ubicado en uno de los sectores más exclusivos y verdes de Rosales, con vista directa a los árboles y excelentes espacios sociales. Área: 231,91 m² Precio de venta: $2.200.000.000 Canon de arriendo: $15.400.000 mensuales Administración: $3.600.000 Estrato: 6 Piso: 2 Año de construcción: 1998 Características del apartamento: 3 habitaciones, cada una con baño privado Hall de habitaciones Baño social Estar o estudio Sala y comedor amplios con vista verde Cocina cerrada Zona de lavandería Cuarto y baño de servicio Jardín amplio con desniveles, parrilla y mesón Espacios exteriores ideales para comedor social, sala y zona de niños 4 parqueaderos (2 en línea) Depósito amplio Edificio: Vigilancia 24 horas Propiedad ideal para quienes buscan amplitud, privacidad y contacto con la naturaleza en una ubicación privilegiada de Bogotá. Ref PLT-07X11"
,2900000.0,0.0,Chapinero,Bogotá,1,1,65.0,"ÚNICAMENTE SE ALQUILA AMOBLADO This apartment is located in what usted to be a music shop. Completely remodelled and refurbished, this bohemian fully furnished apartment is available to rent from 6 months onward (except for linen and towels). It has access to a private 20 m2 terrace. This building has no carpark for cars (has a spot for motorbike or a bicycle) and has no elevator. Note: services are extra. No parties and quiet hours from 10 pm- 8 am. Este apartamento está ubicado en lo que solía ser una tienda de música. Bohemio apartamento completamente remodelado en Chapinero alto que se arrienda amoblado y dotado (excepto lencería y toallas). Hay un espacio de loft para arrendar donde puedes montar un estudio u oficina (escríbeme para más información, cuesta 1.9 millones extra el mes). Cuenta con salida a terraza privada de 20m2. No tiene parqueaderos para carros (tiene uno para moto o bicicleta) y tampoco cuenta con ascensor. Nota: servicios son extra. No se aceptan fiestas. Tiempos de silencio entre 10 pm-8 am."
,5000000.0,1500000.0,Chapinero,Bogotá,3,3,130.0,"Arriendo apartamento en Rosales, de 130mts, clásico, 2 alcobas y estudio que puede ser 3era alcoba, sala comedor, cocina, 2 parqueaderos. No tiene deposito. Rodeado de balcones, precio mas administración. Excelente ubicación en la calle 72a con 5, cerca a supermercados, gimnasio, restaurantes, entre otros."
Gestiones Inmobiliarias F. T. SAS,3880000.0,620000.0,Chapinero,Bogotá,3,2,75.0,"Apartamento En Arriendo En Chapinero Central, Bogotá Moderno apartamento AMOBLADO con terraza ubicado en Chapinero Central. El apartamento cuenta en el primer piso con zona social en un ambiente con doble altura y cocina abierta. En el segundo piso cuenta dos terrazas y con tres habitaciones, la principal con baño, las otras dos habitaciones comparten baño completo. La tercera habitación actualmente está adaptada como estudio. En el segundo piso cuenta con zona de lavandería independiente. El apartamento cuenta con dos parqueaderos."
Houm,4500000.0,0.0,Chapinero,Bogotá,2,2,163.0,"Apartamento En Arriendo En Chapinero, Bogotá [ARR] ID HOUM: 161634 Entérate de todos los beneficios al arrendar con nosotros: • Asistencia e intermediación con el propietario • Firma tu contrato online • Arrienda sin burocracia, sin papeleos ni notarías Departamento en arriendo, ubicado en el barrio Pardo Rubio, con una superficie construida de 163.00 m² y superficie total de 163.00 m². Sus principales características son: • No amoblado • 2 dormitorios • 2 baños • Admite mascotas • 2 parqueaderos • Año de construcción: 2020 • Bodega Si arriendas con nosotros, te brindamos asesoría personalizada durante todo el proceso. Requisitos para arrendar con nosotros: • Arrienda sin codeudor*, fácil, rápido y seguro • Demuestra un ingreso mensual neto de al menos 2.5 veces el valor del arriendo (los ingresos mensuales se pueden complementar por las personas que vivirán en este inmueble) • Completa tu información básica y mándanos tus extractos bancarios o documentos que demuestren tus ingresos • No debes tener reportes negativos en centrales de crédito IMPORTANTE: • Te invitamos a agendar una visita a esta propiedad • Si tienes alguna duda por favor puedes solicitar más información desde los portales como también contactarte directamente con nosotros Más que una inmobiliaria, somos Houm. *Aplican T&C"
Inmovibe,5000000.0,0.0,Chapinero,Bogotá,2,1,70.0,"Apartamento En Arriendo En Chapinero, Bogotá ARRIENDO APARTAMENTO AMOBLADO – EL NOGAL Canon: $5.000.000 (administración incluida) Área: 70 m² Piso alto Apartamento amoblado con vista espectacular a los cerros y a la carrera novena, ubicado en uno de los sectores más exclusivos de Bogotá. Distribución: 2 habitaciones 1 baño Walking closet Cocina abierta Sala comedor 1 parqueadero Zona de lavandería en el edificio. Ideal para pareja o profesionales que busquen ubicación estratégica, vista privilegiada y apartamento listo para habitar. Ref Arq"
Eliana Galan,1650000.0,0.0,Chapinero,Bogotá,1,1,24.65,"Apartamento En Arriendo En Marly, Bogotá Apartaestudio para estrenar, con excelentes acabados, 6 piso, espacio abierto, cocina, baño, iluminado, estrato 4. Cerca a vías de acceso, parque, estaciones de transmilenio, paraderos SITP, zona bancaria, zona comercial y gastronomica, Almacenes de cadena y Universidades."
Inmobiliaria Prego SAS,3200000.0,0.0,Chapinero,Bogotá,2,2,65.0,"Apartamento En Arriendo En Chapinero Alto, Bogotá Hoy te traemos un lindo y cogedor apartamento en Chapinero Alto, cerca a la zona G, sector de Nueva Granada, amplio, iluminado y con un ambiente tranquilo, ideal para quienes buscan comodidad, ubicación, cerca a universidades, zonas gastronómicas, y excelentes vías; el apartamento consta de sala comedor amplia, balcón, cocina integral, zona de ropas, dos habitaciones la principal con walking closet y baño privado, un segundo baño de habitaciones, parqueadero cubierto, el edificio te ofrece, salón social, gym, sauna, jacuzzi, bicicletero, vigilancia 24/7 Ven y lo conoces te encantará!!"
Rentabien S.A.S,1100000.0,301200.0,Chapinero,Bogotá,1,1,22.0,"Apartamento En Arriendo En Chapinero Central, Bogotá Aparta-estudio tipo loft en arriendo, ubicado en tercer piso con ascensor, cuenta con un closet, un baño, pisos en madera laminada, cocina integral eléctrica, calentador eléctrico, zona de lavandería, el apartamento es vista exterior, tiene cortinas en tela, el edificio tiene terraza BBQ, gimnasio."
,2400000.0,0.0,Chapinero,Bogotá,1,1,21.0,"Apartamento En Arriendo En Chapinero, Bogotá Este acogedor APARTAESTUDIO DE UN SOLO AMBIENTE Y CON UNA FABULOSA TERRAZA DE 10 M2 se encuentra en Chapinero Alto, recién remodelado, es ideal para quienes buscan independencia y comodidad en una de las zonas más dinámicas de la ciudad. Ubicado en un segundo piso, la propiedad cuenta con un diseño funcional, closet amplio y cocina practica. Cuenta con seguridad 24 horas, proporcionando tranquilidad. No cuenta con estacionamiento para carro, sin embargo, su ubicación estratégica permite acceder fácilmente a opciones de transporte público y disfrutar de la amplia oferta de servicios, restaurantes y entretenimiento con las que cuenta la zona. Se alquila con lavadora. El edificio cuenta con terraza, un sencillo salón comunal y gimnasio. No pierdas esta oportunidad de vivir en uno de los barrios más deseados de Bogotá."
,8800000.0,0.0,Chapinero,Bogotá,2,3,135.0,"Apartamento En Arriendo En Los Rosales, Bogotá ARRIENDO lindo y acogedor apto en ROSALES (circunvalar con 78), exterior con vista verde al occidente, piso 4 ? $ ***con admin incluida * 135 metros * ⁠2 alcobas * ⁠3 baños * ⁠Family Room * ⁠Sala comedor con chimenea y salida a balcón * ⁠Cocina semi abierta * ⁠ Zonq de lavandería independiente * ⁠Cuarto y baño de servicio * ⁠2 parqueaderos * ⁠Depósito * ⁠18 años de construido Edificio con doble portería, vigilancia 24/7, gimnasio, terraza, sala de juntas, salón para escoltas, planta eléctrica, caldera y parqueaderos de visitantes"
,5372300.0,627700.0,Chapinero,Bogotá,2,2,88.0,"Apartamento En Arriendo En Los Rosales, Bogotá Bonito apartamento AMOBLADO remodelado ubicado en Rosales abajo de la circunvalar. El apartamento cuenta con amplia zona social con chimenea, comedor, cocina abierta, con zona de lavandería independiente, amplio estudio, dos habitaciones, la prinicipal con baño, baño auxiliar completo para la otra habitación. El apartamento cuenta con parqueadero independiente y depósito. El edificio cuenta con salón comunal, parque infantil y vigilancia 24 horas. (Precio Administración 2025, sin reajuste todavía)."
,5000000.0,0.0,Chapinero,Bogotá,3,3,100.0,"Apartamento En Arriendo En Chapinero Alto, Bogotá Descubre la elegancia y comodidad en este exclusivo apartamento en arriendo ubicado en una de las zonas más prestigiosas de la ciudad Chapinero Alto. Tipo Duplex con 3 habitaciones amplias y luminosas, 3 baños modernos y funcionales, y 100 metros cuadrados distribuidos de manera inteligente para aprovechar al máximo cada espacio. Además, cuenta con 1 parqueadero (cubierto) para tu conveniencia. Disfruta de acabados de alta calidad y una vista panorámica que te dejará sin aliento. Ubicado en Conjunto residencial (ascensor, zona para niños, salón comunal, plazoleta, zonas verdes, canchas mixtas) Vive la experiencia de lujo que mereces en este inmueble único. ¡No dejes pasar esta oportunidad!"
,12000000.0,0.0,Chapinero,Bogotá,8,6,291.0,"Apartamento En Arriendo En Chapinero, Bogotá Ofrecemos para venta o alquiler este grandioso apartamento, a pocos metros de la zona financiera de Bogotá. Ubicado en la tercera planta, a donde accedes a través de una linda escalera, cuenta con vista exterior a la ciudad. Se trata de un edificio de conservación arquitectónica, en donde encuentras prácticamente dos apartamentos, con un total de 8 habitaciones. Es perfecto para familias grandes o para aquellos que buscan mucho espacio para vivir y trabajar. El apartamento presume de una extensiva área de sala comedor con chimenea; ideal para las reuniones con amigos o para los ratos de tranquilidad en familia. La cocina está equipada con lo necesario. Incluye además una zona de lavandería separada. Aunque no cuenta con parqueaderos individuales, se ofrecen tres espacios en línea para cubrir las necesidades de estacionamiento. No lo pienses más: este apartamento representa una muy buena oportunidad en uno de los barrios más codiciados de Bogotá. ¡No la pierdas! Pide tu visita ya!"
,18000000.0,2000000.0,Chapinero,Bogotá,4,5,308.0,"Apartamento En Arriendo En Los Rosales, Bogotá ESPACIOS ABIERTOS te presenta Apartamento en venta ubicado en Rosales, cuenta con 308 mts. Disfrute de una amplia zona social con iluminación natural, vista exterior, terraza y balcón. Amplia zona de recibo y social con cocina integral y zona de lavado, 3,5 baños, 4 habitaciones, dos de ellas con baño privado, cuarto de servicio con baño, estudio y estar de alcobas, tres parqueaderos. Club House piscina, jacuzzi, BBQ, gimnasio, salón escoltas. Ubicado circunvalar con cl 72 , zona exclusiva de la ciudad rodeada de naturaleza. Un hogar pensado en su comodidad y las exigencias de la vida moderna. ¡contáctenos! 315 ocho cero tres noventa y nueve treinta."
,6750000.0,1750000.0,Chapinero,Bogotá,3,3,200.0,"Apartamento En Arriendo En Los Rosales, Bogotá Apartamento en Rosales, Chapinero. Ubicado en una prestigiosa zona residencial, este apartamento de 200 metros cuadrados combina el encanto del estilo clásico con amplios y confortables espacios. Ideal para familias que buscan un hogar elegante y funcional, este apartamento ofrece 3 habitaciones luminosas, un estudio perfecto para trabajar desde casa, una espaciosa sala comedor, cocina bien equipada, área de ropas y cuarto de servicio. Con 3 baños completos y dos terrazas (sur y norte) de aproximadamente 75 m², podrás disfrutar de vistas y aire fresco. Además, cuenta con calentador eléctrico, dos parqueaderos privados y un depósito adicional para almacenamiento extra. No dejes pasar la oportunidad de vivir en este magnífico apartamento, ubicado en una excelente zona residencial que ofrece tranquilidad, seguridad y fácil acceso a servicios, tiendas y transporte. Agenda tu visita hoy mismo y descubre el hogar que siempre has soñado. Zona 1"
,2500000.0,0.0,Chapinero,Bogotá,1,1,51.0,"Apartamento En Arriendo En Chapinero, Bogotá Hermoso apartamento duplex de 51 mts2, sala comedor con chimenea y balcón, cocina integral, alcoba con walk-in closet, baño, zona de lavandería, parqueadero cubierto, Edificio domotizado, cerca a Cra. 7, calle 53, hospital militar, universidades , transporte publico , etc........."
,2700000.0,0.0,Chapinero,Bogotá,2,1,60.0,"Apartamento En Arriendo En Quinta Camacho, Bogotá Por favor Tenga en cuenta que la propiedad NO cuenta con GARAJE, ASCENSOR y está en un edificio AUTOMATIZADO. Descubra este encantador apartamento en arriendo, estratégicamente ubicado en el corazón de Quinta Camacho, a menos de media cuadra del reconocido Astor Plaza. Situado en un cuarto piso con vista exterior, este hogar ofrece un ambiente acogedor y luminoso. Cuenta con dos habitaciones, una espaciosa principal y una mediana, ideales para su comodidad. La cocina abierta se integra armoniosamente con la sala comedor, que además incluye una chimenea, creando un espacio perfecto para el entretenimiento y el relax. Disfrute de una terraza privada, ideal para momentos al aire libre. El apartamento dispone de un baño completo. Tenga en cuenta que la propiedad no cuenta con garaje."
,5500000.0,2500000.0,Chapinero,Bogotá,2,2,195.0,"Apartamento En Arriendo En Los Rosales, Bogotá Acogedor apartamento para arriendo con una excelente zona social con una sala, estudio en un mismo ambiente, comedor independiente, cocina integral a gas, zona de lavandería independiente, dos alcobas amplias cada una con su baño privado. ***"
,1500000.0,0.0,Chapinero,Bogotá,2,1,52.0,"Apartamento En Arriendo En La Soledad, Bogotá Magnifico apartamento en el barrio Ricaurte, 36 M2 aprox, excelente ubicación, cerca de la av. principal como lo es la av. Calle 6, frente al puente del Cra 30 comuneros sector muy comercial con excelentes vías de acceso, colegios, hospitales cerca al sector, con 2 habitación baño sala comedor cocina y zona de lavado, con espacios amplios y bien iluminados. Para más información comunicarse al número ***o al correo electrónico yolanda.paradainmobiliariabogota.com. el equipo de inmobiliaria Bogotá está comprometido a brindar una excelente experiencia de vida excepcional para nuestros clientes desde el momento en que se unen a nuestra comunidad ***"
,3150000.0,0.0,Chapinero,Bogotá,1,1,50.0,"Apartamento En Arriendo En Chapinero, Bogotá Excelente apartamento de 50 m² más terraza privada de 20 m² con vista exterior. Cuenta con 1 habitación con baño privado y Vestier, zona social, cocina tipo americana, cuarto de ropas y 1 parqueadero. Se entrega con cortineria instalada y calentador a gas. El canon incluye administración y parqueadero. El edificio cuenta con zona club house: piscina, gimnasio, sauna, zona de masajes, salón comunal, sala de cine, coworking, salas de reuniones, terraza con BBQ, parque infantil, parque para mascotas y parqueadero para visitantes. Vigilancia 24/7. espacios incluidos en la administracion. Ubicación estratégica cerca de la Calle 72, rodeado de zona empresarial, comercio y restaurantes. A pocos minutos de la Universidad Pedagógica, Universidad Sergio Arboleda y Universidad Javeriana. Ideal para profesionales y estudiantes que buscan comodidad, ubicación y excelentes amenidades. para mayor información contactar mediante whatsapp."
,15400000.0,3600000.0,Chapinero,Bogotá,3,5,232.0,"Apartamento En Arriendo En Los Rosales, Bogotá VENTA / ARRIENDO – Apartamento en Rosales Amplio apartamento semiremodelado, ubicado en uno de los sectores más exclusivos y verdes de Rosales, con vista directa a los árboles y excelentes espacios sociales. Área: 231,91 m² Precio de venta: $2.200.000.000 Canon de arriendo: $15.400.000 mensuales Administración: $3.600.000 Estrato: 6 Piso: 2 Año de construcción: 1998 Características del apartamento: 3 habitaciones, cada una con baño privado Hall de habitaciones Baño social Estar o estudio Sala y comedor amplios con vista verde Cocina cerrada Zona de lavandería Cuarto y baño de servicio Jardín amplio con desniveles, parrilla y mesón Espacios exteriores ideales para comedor social, sala y zona de niños 4 parqueaderos (2 en línea) Depósito amplio Edificio: Vigilancia 24 horas Propiedad ideal para quienes buscan amplitud, privacidad y contacto con la naturaleza en una ubicación privilegiada de Bogotá. Ref PLT-07X11"
,2900000.0,0.0,Chapinero,Bogotá,1,1,65.0,"Apartamento En Arriendo En Chapinero Alto, Bogotá ÚNICAMENTE SE ALQUILA AMOBLADO This apartment is located in what usted to be a music shop. Completely remodelled and refurbished, this bohemian fully furnished apartment is available to rent from 6 months onward (except for linen and towels). It has access to a private 20 m2 terrace. This building has no carpark for cars (has a spot for motorbike or a bicycle) and has no elevator. Note: services are extra. No parties and quiet hours from 10 pm- 8 am. Este apartamento está ubicado en lo que solía ser una tienda de música. Bohemio apartamento completamente remodelado en Chapinero alto que se arrienda amoblado y dotado (excepto lencería y toallas). Hay un espacio de loft para arrendar donde puedes montar un estudio u oficina (escríbeme para más información, cuesta 1.9 millones extra el mes). Cuenta con salida a terraza privada de 20m2. No tiene parqueaderos para carros (tiene uno para moto o bicicleta) y tampoco cuenta con ascensor. Nota: servicios son extra. No se aceptan fiestas. Tiempos de silencio entre 10 pm-8 am."
,5000000.0,1500000.0,Chapinero,Bogotá,3,3,130.0,"Apartamento En Arriendo En Los Rosales, Bogotá Arriendo apartamento en Rosales, de 130mts, clásico, 2 alcobas y estudio que puede ser 3era alcoba, sala comedor, cocina, 2 parqueaderos. No tiene deposito. Rodeado de balcones, precio mas administración. Excelente ubicación en la calle 72a con 5, cerca a supermercados, gimnasio, restaurantes, entre otros."
N/A,2100000.0,0.0,Chapinero,Bogotá,2,1,36.0,"Apartamento En Arriendo En Teusaquillo, Bogotá Apartamento en arriendo de 36 m², acogedor y funcional, ideal para estudiantes o profesionales. Cuenta con dos habitaciones amobladas, baño completo y sala comedor con chimenea que brinda un ambiente cálido y confortable. La cocina es integral eléctrica, equipada y con horno, perfecta para mayor comodidad en el día a día. Ubicado en primer piso con vista interior, lo que ofrece mayor tranquilidad y privacidad. Dispone de zona de lavandería comunal y vigilancia 24 horas para mayor seguridad. Se encuentra en un sector tranquilo, cercano a zona universitaria y rodeado de zonas verdes, con fácil acceso a transporte y servicios. Un espacio cómodo, bien distribuido y con buenos acabados, listo para habitar."
N/A,18000000.0,2790000.0,Chapinero,Bogotá,4,6,493.0,"Apartamento En Arriendo En Los Rosales, Bogotá Arrendamos amplio apartamento Dúplex con 493 m2 en rosales, sector residencial y familiar, interior con piso de madera y mármol, tres alcobas cada una con baño , cocina cerrada con isla, amplia sala, un estudio y biblioteca. cuatro garajes independientes, baño social, baño en el hall, habitación y baño de servicio. comedor independiente con accesos terraza, habitación principal con terraza, wolking closet, tina y chimenea. zona de lavandería independiente, vista exterior, el conjunto cuenta con zonas verdes, gimnasio, parqueadero de visitantes, ubicación inmejorable, royal asesores. 77-1737."
N/A,2300000.0,0.0,Chapinero,Bogotá,2,1,56.0,"Apartamento En Arriendo En Chapinero, Bogotá Arriendo de este encantador apartamento en el emblemático barrio Chapinero, estratégicamente ubicado a solo media cuadra de la Avenida Caracas en la Calle 48 numero 14-80, del Edificio Dández, El inmueble cuenta con sala comedor, dos alcobas con closet, un baño completo, cocina integral y deposito. No tiene Parqueadero pero hay disponibilidad de arriendo de estacionamiento en el edificio de enfrente y al lado, El edificio tiene 5 pisos, 2 apartamentos por piso, vigilancia con conserje de lunes a viernes de 7:00AM a 4;OOPM y sábados medio día. Este inmueble de 56 m² construidos redefine la practicidad y la comodidad urbana y lo mejor su inmejorable ubicación y localización lo sitúa a pasos de las estación de Transmilenio de Marly entre otras, el vibrante Park Way, hospitales, Clínicas, Supermercados, Restaurantes, iglesias, parques y prestigiosas universidades como la Universidad Nacional, la Universidad Católica entre otras, muy cerca de la reconocida Clínica Marly el Hospital Militar Este apartamento representa una excelente oportunidad de Vivienda confortable. Para más información y para agendar una visita, contácteme al ***."
N/A,1300000.0,0.0,Chapinero,Bogotá,1,1,30.0,"Apartamento En Arriendo En Chapinero, Bogotá Descubre este moderno apartamento en arriendo,TIPO LOF un inmueble con diseño funcional y espacios inteligentemente distribuidos. Con 1 baño y en un edificio de 15 pisos, esta propiedad de 1 a 8 años de antigüedad destaca por su luminosidad piso de madera, armarios empotrados y vistas a la ciudad y montañas, ofreciendo un ambiente de confort y tranquilidad. La sala de estar integra un área de estudio, amplias ventanas que garantizan excelente ventilación natural y abundante luz, cocina integral electrica zona de lavanderia comunal ,vista panorámica, ventanas amplias, escritorio integrado, armario empotrado y muebles empotrados que maximizan el espacio. Es la propiedad ideal para quienes buscan comodidad y estética en un entorno vibrante, a un precio de $1.300.000."
N/A,6000000.0,0.0,Chapinero,Bogotá,2,2,85.5,"Apartamento En Arriendo En Los Rosales, Bogotá Descubre tu próximo hogar en la exclusiva zona de Rosales Al entrar, serás recibido por un acogedor estudio a mano izquierda, ideal para trabajar o relajarte. Avanza hacia una cocina moderna, conectada al área de lavandería, muy funcional. La amplia sala-comedor comparte un mismo ambiente, realzado por una decoración elegante y bien pensada que invita a disfrutar del espacio. El apartamento cuenta con dos habitaciones: la principal con walking closet y la auxiliar con clóset, ambas cómodas y bien iluminadas. Además, hay un baño completo que funciona como social y sirve a la habitación secundaria. Como valor agregado, el apartamento incluye depósito y parqueadero, asegurando orden y comodidad en tu día a día. Se arrienda completamente amoblado."
N/A,3400000.0,0.0,Chapinero,Bogotá,2,2,58.0,"Apartamento En Arriendo En Chapinero Alto, Bogotá Espectacular apartamento de 58 m², con dos acogedoras alcobas y dos baños completos, cocina integral a gas, sala-comedor y garaje amplio. Este apartamento, con su ubicación privilegiada, no solo es exterior, sino que también se beneficia de una iluminación natural excepcional que realza sus modernos acabados. El edificio, cuenta con vigilancia 24 horas, parqueadero para visitantes y un ascensor, asegurando una vida sin preocupaciones. Este es el hogar perfecto para quienes buscan estilo, ubicación y funcionalidad en un solo lugar."
N/A,3700000.0,0.0,Chapinero,Bogotá,3,2,90.0,"Apartamento En Arriendo En Chapinero Alto, Bogotá Se Arrienda Apartamento Con Excelente Ubicación, Vista Panorámica, Buena Iluminación Natural Y Amplios Espacios. No Te Pierdas La Oportunidad De Disfruta De 3 Habitaciones, 2 Baños, Sala Comedor, Cocina Integral, Estudio, Zona De Lavandería, Cuarto Y Baño De Servicio. También De 2 Parqueaderos Y Deposito."
N/A,4000000.0,0.0,Chapinero,Bogotá,2,2,68.0,"Apartamento En Arriendo En Chapinero Alto, Bogotá FAVOR NO COMISIONISTAS. Alquiler de apartamento AMOBLADO en piso 24 con imponente vista panorámica a los cerros norientales. Cuenta con dos alcobas (una con balcón), dos baños, sala con balcón, comedor, cocina abierta con mesón, zona de ropas y un garaje. El conjunto ofrece gimnasio, áreas infantiles, salón comunal, jardines, parqueadero de visitantes y estricta vigilancia. EL CANON INCLUYE EL VALOR DE LA ADMON. RQG"
REMODELADO,2550000.0,0.0,Chapinero,Bogotá,1,1,48.0,"Apartamento En Arriendo En Chapinero Alto, Bogotá Arriendo a 2.7 MM con Administración y servicios incluidos. Tenemos disponibles los Aptos 302 y 202, Piso 3 o 2 sin ascensor, Sala comedor con Balcón, Cocina abierta, 1 baño, Alcoba independiente, No tiene parqueadero, El edificio cuenta con Terraza Comunal, looby, coworking y zona de lavandería. Canon con Admin y Servicios incluidos (Agua, Luz y Gas) Total: $2.7 MM"
N/A,7000000.0,1165000.0,Chapinero,Bogotá,2,2,70.0,"Apartamento En Arriendo En Los Rosales, Bogotá IROKO INMOBILIARIA presenta una oportunidad única para arrendar un exclusivo apartamento en el Barrio Los Rosales. Ubicado en el corazón de una majestuosa casa de conservación, este inmueble combina lo histórico con las comodidades modernas. El apartamento, tiene luz natural, ofrece un diseño sofisticado que incluye dos amplias habitaciones y dos elegantes baños. La cocina abierta, moderna y funcional, se integra con un espacioso comedor, ideal para reuniones o entretenimiento. La sala realzada por una acogedora chimenea. Además, cuenta con una práctica zona de lavandería, un encantador jardín privado, un parqueadero exclusivo y un útil depósito. Los residentes disfrutarán de las excelentes amenidades del edificio, que incluyen un gimnasio completamente equipado y una sala de reuniones, perfecta para compromisos profesionales o sociales. Este apartamento está diseñado para quienes buscan un estilo de vida distinguido y sereno, por lo que no se permiten mascotas."
N/A,2450000.0,0.0,Chapinero,Bogotá,1,2,58.0,"Apartamento En Arriendo En Chapinero, Bogotá Se arrienda moderno apartamento en chapinero, cerca al hospital militar, excelentes acabados, consta de amplia alcoba con dos closet, balcón con vista a los cerros, dos baños, sala, espacio para estudio o comedor, cocina con estufa a gas y horno eléctrico, espacio para lavadora secadora con conexión a gas, lavadero, calentador a gas, parqueadero cubierto y deposito. Administración incluida"
N/A,3000000.0,0.0,Chapinero,Bogotá,2,1,60.0,"Apartamento En Arriendo En Chapinero Alto, Bogotá Arriendo apartamento en primer piso, cuenta con una habitación y un estudio, un baño, parqueadero, y depósito, apartamento sin amoblar ó amoblado, con TV, nevera, lavadora secadora, muebles de habitación, sala y comedor. Lindo sector con los mejores restaurantes, supermercados, gimnasios, a 10 minutos caminando de la calle 72 muy cerca de la carrera 7. Edificio con vigilancia 24 horas."
N/A,1900000.0,200000.0,Chapinero,Bogotá,1,1,27.0,"Apartamento En Arriendo En Chapinero, Bogotá Hermoso apartaestudio amoblado para estrenar en Chapinero ? Ubicado en ? Chapinero, en la Cra 13 No. 66-10, este moderno apartaestudio de 27 m² es ideal para quienes buscan comodidad, ubicación estratégica y excelente iluminación natural. ✨ Características: Totalmente amoblado y para estrenar Área de 27 metros cuadrados Ubicado en sexto piso con ascensor Vista exterior Espacios con excelente iluminación natural Diseño moderno y funcional Perfecto para estudiantes o profesionales que deseen vivir en una de las zonas más dinámicas y centrales de la ciudad, con fácil acceso a transporte, comercio, restaurantes y universidades. ? ¡Contáctanos para más información o agendar tu visita!"
N/A,3900000.0,0.0,Chapinero,Bogotá,3,3,71.0,"Apartamento En Arriendo En Chapinero, Bogotá [ARR] ID HOUM: 164260 Entérate de todos los beneficios al arrendar con nosotros: • Asistencia e intermediación con el propietario • Firma tu contrato online • Arrienda sin burocracia, sin papeleos ni notarías Departamento en arriendo, ubicado en el barrio Nueva Granada, con una superficie construida de 71.00 m² y superficie total de 71.00 m². Sus principales características son: • No amoblado • 3 dormitorios • 3 baños • Admite mascotas • 1 parqueadero • Piso 2 • Año de construcción: 2005 Además, el inmueble cuenta con las siguientes amenidades: • Vigilancia 24 hrs • Lavandería Si arriendas con nosotros, te brindamos asesoría personalizada durante todo el proceso. Requisitos para arrendar con nosotros: • Arrienda sin codeudor*, fácil, rápido y seguro • Demuestra un ingreso mensual neto de al menos 2.5 veces el valor del arriendo (los ingresos mensuales se pueden complementar por las personas que vivirán en este inmueble) • Completa tu información básica y mándanos tus extractos bancarios o documentos que demuestren tus ingresos • No debes tener reportes negativos en centrales de crédito IMPORTANTE: • Te invitamos a agendar una visita a esta propiedad • Si tienes alguna duda por favor puedes solicitar más información desde los portales como también contactarte directamente con nosotros Más que una inmobiliaria, somos Houm. *Aplican T&C"
N/A,5000000.0,1069000.0,Chapinero,Bogotá,2,2,97.0,"Apartamento En Arriendo En Los Rosales, Bogotá Cod.2032 Hermoso apartamento de 97Mts, tercer piso con ascensor, exterior, iluminación natural. Edificio estrato 6, con vigilancia 24 horas, gimnasio, planta eléctrica, tanque de reserva. Sala comedor con chimenea tradicional, cocina integral cerrada, zona de lavandería independiente, cuarto y baño de servicio, 2 habitaciones con closet, principal con baño privado, baño auxiliar, 2 garajes en línea, depósito. Cerca de Club el Nogal, Quebrada La Vieja; vías de acceso, A. Circunvalar, Diagonal 76, carrera séptima. Uniproyectos, donde cada puerta es una bienvenida. Te esperamos"
N/A,20000000.0,0.0,Chapinero,Bogotá,5,5,420.0,"Apartamento En Arriendo En Zona Chapinero, Bogotá Te invitamos a conocer este hermoso apartamento exterior, esquinero con una vista hermosa todas sus áreas, iniciemos por el area social, en donde podras disfrutar de varios espacios independientes para cada una de tus necesidades, como sala, biblioteca, y comedor, su cocina con C.B.S es bastante espaciosa y te brinda espacios de almacenamiento para tener todo en orden, siguiendo con las cinco habitaciones con baño que complementan este espectacular espacio hecho para ti y tu familia. Lo mejor de todo es su ubicación, en uno de los edificios más seguros y con acceso a naturaleza donde gozaras de interacción con la naturaleza dentro de la ciudad. portería las 24 horas, visas de ingreso como carrera 7 y avenida circunvalar, agenda tu cita ya con nuestra asesora. opción de arriendo amoblado ..."
N/A,4000000.0,0.0,Chapinero,Bogotá,3,2,92.0,"Apartamento En Arriendo En Chapinero, Bogotá Espectacular apartamento de 92 mts2 en el sector de chapinero central en el edificio Carmenza 1, con fácil acceso a transporte público cerca a Carrera 7 y Calle 60. Ubicado en el piso 9. El apartamento cuenta con gran iluminación natural, cocina integral, sala comedor con mueble de entretenimiento, excelente distribución de tres alcobas con closet, vestier, dos baños, zona de ropas, calentador, espectacular vista. Para mayor información comuníquese al número ***o al email yolanda.paradainmobiliariabogota.com. El equipo de inmobiliaria Bogotá está comprometido unen experiencia de vida excepcional para nuestros clientes desde el momento en que se unen nuestra comunidad. ***"
N/A,6400000.0,0.0,Chapinero,Bogotá,1,1,50.0,"Apartamento En Arriendo En Los Rosales, Bogotá Tenemos el gusto de presentarte este hermoso Apartaestudio con Terraza para arriendo en Rosales, que combina a la perfección la comodidad, la distribución, la iluminación y el buen gusto. Ubicado en un exclusivo sector de Bogotá, Al ingresar a este iluminado apartamento encontramos la zona social compuesta por la sala comedor, la cocina tipo americana dotada con electrodomésticos de alta gama. Seguido se encuentra zona social y la habitación principal muy amplia . luego se encuentra la amplia y linda terraza de 25 metros. Complementa esta propiedad un garaje independiente. El edificio ofrece para el disfrute de sus residentes, salón comunal, gimnasio, piscina aclimatada y áreas verdes. Si requieres más información o si deseas agenda una visita con gusto te atenderemos."
N/A,4600000.0,0.0,Chapinero,Bogotá,2,2,83.86,"Apartamento En Arriendo En Chapinero Central, Bogotá Descubra este encantador apartamento en un tercer piso, un verdadero oasis de 83 m² con una privilegiada vista exterior que garantiza una iluminación natural excepcional. Este hogar ha sido diseñado pensando en el confort y la elegancia, ofreciendo dos amplias alcobas; la principal es un santuario privado con vestier y baño en suite. Los pisos de madera laminada aportan calidez y sofisticación a cada espacio, complementados por un baño social con ducha y un práctico estudio, ideal para trabajar desde casa o como rincón de lectura. La zona de lavandería independiente añade funcionalidad, mientras que los acabados de alta calidad, los BlackOut y un balcón privado realzan la experiencia de vida. Disfrute de las comodidades del edificio, que incluyen una terraza comunal perfecta para el esparcimiento, vigilancia 24 horas para su tranquilidad, un salón de juntas, parqueadero cubierto, ascensor y caldera. Su excelente ubicación lo convierte en una oportunidad inigualable para quienes buscan estilo, comodidad y una vida urbana vibrante."
N/A,5500000.0,0.0,Chapinero,Bogotá,3,2,102.0,"Apartamento En Arriendo En Chapinero Alto, Bogotá Apartamento amoblado de 102 m² ubicado en el tradicional y exclusivo barrio Chapinero Alto, en la localidad de Chapinero, un sector reconocido por su ambiente residencial, su cercanía a zonas culturales, gastronómicas y comerciales, así como por su excelente conectividad a transporte público, universidades, parques y principales vías de la ciudad. El apartamento cuenta con tres habitaciones, dos baños, amplia sala comedor con balcón y chimenea, estudio, cocina integral a gas, zona de ropas independiente con calentador a gas y excelente iluminación natural. Se aceptan mascotas y dispone de dos parqueaderos. El edificio es inteligente, ofrece terraza y se encuentra en una ubicación estratégica, cercana a centros comerciales, parques y servicios esenciales, ideal para quienes buscan comodidad, seguridad y calidad de vida en una de las zonas más apetecidas de Bogotá."
N/A,5000000.0,500000.0,Chapinero,Bogotá,2,2,61.0,"Apartamento En Arriendo En Chapinero Alto, Bogotá View 63 – Chapinero Alto En un piso 31 con vista abierta sobre la ciudad, este apartamento de 61 m² ofrece una distribución equilibrada con sala–comedor iluminada, cocina abierta, dos habitaciones y dos baños. El edificio, de diseño contemporáneo, integra gimnasio, terrazas con zonas de encuentro, BBQ, salón social, coworking y áreas de recreación. Ideal para quienes buscan comodidad, modernidad y cercanía a la oferta cultural y urbana de Chapinero Alto. Incluye parqueadero, calentador eléctrico, planta eléctrica parcial y servicio de agua actualmente cubierto por la comunidad."
N/A,23800000.0,0.0,Chapinero,Bogotá,4,5,380.0,"Apartamento En Arriendo En Chapinero, Bogotá Descubra un estilo de vida inigualable en este excepcional apartamento dúplex en arriendo, ubicado en la prestigiosa Avenida Circunvalar con 78, en el corazón de Rosales. Esta vivienda ideal le permitirá disfrutar de una fabulosa y privilegiada vista panorámica, mientras se deleita con espacios que conservan la autenticidad y el encanto del mejor estilo bogotano. Con una generosa área de 380 m² interiores, complementados por 130 m² distribuidos en cinco espectaculares terrazas, esta propiedad ofrece una experiencia residencial de lujo. El diseño inteligente y funcional se manifiesta en sus cuatro amplias habitaciones; la principal, un verdadero santuario, cuenta con baño privado, un espacioso walking closet y acceso directo a una de las terrazas, ideal para momentos de relajación. El apartamento dispone de un estudio perfecto para el trabajo o la lectura, y un hall de alcobas que conecta armoniosamente las áreas privadas. La sala, un espacio acogedor y luminoso, se abre a una de las terrazas principales y está equipada con una elegante chimenea, creando el ambiente perfecto para reuniones sociales o noches tranquilas. El comedor independiente ofrece un entorno sofisticado para sus comidas. La cocina, moderna y funcional, incluye un práctico comedor auxiliar y acceso a otra terraza, ideal para disfrutar de un café matutino con vistas. La zona de lavandería, junto con el cuarto y baño del servicio, garantizan la máxima comodidad y privacidad. Para su conveniencia, la propiedad incluye cuatro parqueaderos y un depósito. El edificio, diseñado para el bienestar y el entretenimiento, ofrece una impresionante gama de amenidades que incluyen cancha de squash, cancha de baloncesto, un gimnasio completamente equipado y un elegante salón social, brindando opciones para todos los gustos sin salir de casa. Este apartamento dúplex en Rosales es más que una vivienda; es una invitación a vivir con distinción, comodidad y unas vistas que quitan el aliento, en una de las zonas más exclusivas de Bogotá."
N/A,5200000.0,800000.0,Chapinero,Bogotá,3,3,122.0,"Apartamento En Arriendo En Virrey, Bogotá HERMOSO APARTAMENTO REMODELADO ILUMINADO, 122 MTRS, 3 ALCOBAS, PPAL CON BAÑO Y WALK-IN CLOSET, BAÑO ALCOBAS, SALA COMEDOR, COCINA SEMI ABIERTA, BAÑO SOCIAL, 2 GARAJES Y DEPOSITO. MUY BUENA UBICACION CERCA A PARQUES, CENTROS COMERCIALES"
N/A,9838000.0,1838000.0,Chapinero,Bogotá,3,4,160.0,"Apartamento En Arriendo En Los Rosales, Bogotá Cód. 755 Espectacular apartamento exterior, moderno y lleno de luz natural, con ascensor privado que llega directamente al inmueble. Cuenta con 3 amplias habitaciones, 4 baños, cuarto y baño de servicio, además de una cocina abierta con la opción de cerrarla según preferencia. Su ubicación estratégica, justo debajo de la Circunvalar, ofrece una vista privilegiada tanto hacia la ciudad como hacia la misma Circunvalar, brindando un ambiente único. El apartamento incluye 2 parqueaderos paralelos, un depósito y se encuentra a tan solo media cuadra del CAI, lo que garantiza comodidad y seguridad. El edificio ofrece zonas comunes como turco, gimnasio, salón social y terraza con BBQ. Valor del arriendo por Ocho Millones de pesos más administración. También disponible para Venta por valor de Mil seiscientos millones de pesos moneda corriente Dirección aproximada. Av. Circunv con Calle 74."
N/A,1700000.0,0.0,Chapinero,Bogotá,2,1,50.0,"Apartamento En Arriendo En Chapinero, Bogotá Apartamento en arriendo en Chapinero, con un área aproximada de 50 metros2, ubicado en cuarto piso sin ascensor dentro de una casa remodelada que cuenta con varios apartamentos. Se encuentra en una zona tranquila y segura, con cámaras de vigilancia en el edificio y monitoreo en la cuadra. El inmueble se destaca por su excelente iluminación natural, techos en madera que conservan el calor y vista panorámica, ofreciendo un ambiente cálido y confortable. Dispone de sala-comedor amplia, cocina sencilla eléctrica, zona de ropas pequeña, un baño con ducha eléctrica, dos alcobas con clóset y pisos en cerámica. Cuenta con fácil acceso a transporte público, comercio y servicios, ideal para quienes trabajen o estudien en el sector. Para mayor información, comuníquese con la ejecutiva comercial Lina Ramos al celular o WhatsApp ***o al correo lina.ramosinmobiliariasaliadas.com. ***"
N/A,6300000.0,1200000.0,Chapinero,Bogotá,2,2,132.0,"Apartamento En Arriendo En Bogotá Apartamento de 2 habitaciones, 2 baños, sala con chimenea, comedor y cocina americana, baño social y cuarto y baño de servicio, 134 m2. 2 parqueaderos. El conjunto tiene gimnasio, sala de reuniones muy bien amoblado y un espacio para los niños y para salir a terraza comunal."
N/A,2800000.0,0.0,Chapinero,Bogotá,3,2,60.0,"Apartamento En Arriendo En Chapinero Central, Bogotá Bonito apartamento se encuentra ubicado en el corazón de chapinero, confortable, acogedor, 60 metros con tres alcobas, dos baños y parqueadero, ubicación estratégica. ***"
N/A,3769900.0,730100.0,Chapinero,Bogotá,2,3,65.0,"Apartamento En Arriendo En Chapinero Alto, Bogotá Apartamento AMOBLADO que consta de cocina integral eléctrica con estufa de inducción, campana extractora, lavavajillas, horno microondas y convencional, calentador eléctrico, pisos en madera laminada. 2 habitaciones cada una con baño y closet , baño social, zona de ropas, un parqueadero y deposito, cuenta con blackouts, El edificio cuenta con recepción 24/7, zonas de lectura, zona de café, sauna, gimnasio, zona de yoga, terraza bbq, tres ascensores. parqueaderos para visitantes. bicicletero. ***"
N/A,7500000.0,0.0,Chapinero,Bogotá,3,3,206.0,"Apartamento En Arriendo En Los Rosales, Bogotá Te invitamos a conocer este amplio e iluminado apartamento duplex, ubicado en el exclusivo barrio de Los Rosales. Al ingresar al apartamento,en el primer piso, encontramos una amplia e iluminada zona social con chimenea, junto a esta encontramos un estudio que se puede independizar, el área social cuenta con su baño. El área privada del apartamento, tambien se encuentra en el primer piso, cuenta con un gran closet de linos, 3 habitaciones, de un excelente tamaño, las habitaciones auxiliares, comparten un baño de muy buen tamaño, la alcoba principal tiene walk in closet y baños en suite con tina. En el segundo piso de este espacioso apartamento, encontramos una bodega, la cocina que es cerrada y de muy buen tamaño, con zona de lavandería y cuarto y baño de servicio, junto a la cocina, encontramos el comedor, que es independiente y muy amplio. Esta propiedad se complementa con 2 parqueaderos en línea."
N/A,14000000.0,2657000.0,Chapinero,Bogotá,3,4,220.0,"Apartamento En Arriendo En El Nogal, Bogotá Lindo apto duplex amoblado en el exclusivo sector de el nogal ,esquinero exterior y muy iluminado con una gran terraza al aire libre de 110 metros con bbq, consta de 3 habitaciones, sala comedor encortinado con muebles linea blanca y cocina dotada, excelentes acabados sector privilegiado cerca al club el nogaL, CRA 7 AV CHILE Y ANDINO ***"
N/A,7500000.0,0.0,Chapinero,Bogotá,2,3,110.0,"Apartamento En Arriendo En El Nogal, Bogotá ARRIENDO – Apartamento Dúplex Clásico en Nogal, Chapinero (Bogotá) Apartamento dúplex de 110 m² ubicado en el exclusivo sector del Nogal. Cuenta con excelente iluminación natural, distribución funcional y acabados clásicos. Se encuentra en piso 7, estrato 6, en edificio construido en 2010. Distribución: Primer nivel: Sala-comedor. Cocina abierta con zona de lavandería. Baño social. Depósito. Segundo nivel: Habitación principal con baño y vestier. Estudio que puede funcionar como segunda habitación, también con baño y vestier. Depósito adicional. Parqueaderos: Dos parqueaderos en línea. Especificaciones del inmueble: Inmueble usado. Área construida/privada/terreno: 110 m². Ubicación: Localidad de Chapinero – Zona Nogal, con fácil acceso a zonas comerciales, restaurantes, parques y vías principales. Canon de arriendo: $7.000.000 (Administración incluida)"
N/A,44000000.0,5088900.0,Chapinero,Bogotá,3,5,381.0,"Apartamento En Arriendo En Los Rosales, Bogotá Penthouse en arriendo con terraza panorámica de 108 m² y amenities de lujo, Rosales, Bogotá D.C. Penthouse de lujo en arriendo, ubicado en el sector alto de Rosales, a pocos metros de la Avenida Circunvalar. Con más de (380) trescientos ochenta metros cuadrados de área total, esta propiedad representa una propuesta arquitectónica de alto nivel, que integra vistas abiertas sobre la ciudad, diseño contemporáneo y acceso a una completa oferta de amenidades premium. Área total Área construida: (380) trescientos ochenta metros cuadrados aproximadamente. Área de terraza: (108) ciento ocho metros cuadrados aproximadamente. Área total: (488) cuatrocientos ochenta y ocho metros cuadrados aproximadamente. (4) cuatro parqueaderos independientes. (1) un depósito. Características principales El penthouse cuenta con: (3) tres habitaciones, cada una con baño privado, iluminación natural y espacios generosos. Habitación principal con walk-in closet amplio y baño en suite con acabados de alta gama. (2) dos baños sociales, pensados para la comodidad de residentes e invitados. Zona social con sala y comedor integrados, con salida directa a la terraza principal. Cocina abierta con isla central, equipada con electrodomésticos de última generación. Área de ropas independiente. Cuarto y baño de servicio. Terraza privada de (108) ciento ocho metros cuadrados con vista panorámica sobre Bogotá, ideal para"
N/A,35000000.0,8000000.0,Chapinero,Bogotá,6,7,750.0,"Apartamento En Arriendo En La Cabrera, Bogotá Penthouse triplex de lujo en venta o arriendo en La Cabrera, Bogotá D.C. Ubicado en el corazón de La Cabrera, uno de los sectores más exclusivos de Bogotá, este imponente penthouse triplex redefine el concepto de amplitud, privacidad y elegancia. Desarrollado en los pisos (8), (9) y (10), cuenta con acceso de ascensor privado directamente al apartamento y una distribución excepcional para quienes buscan un estilo de vida verdaderamente exclusivo. Con una generosa área interior de (600) seiscientos metros cuadrados entre los pisos (8) y (9), más una espectacular terraza privada en el piso (10), esta propiedad ofrece espacios únicos tanto para la vida familiar como para el entretenimiento. Áreas y distribución Área interior: (600) seiscientos metros cuadrados Terraza privada: (150) ciento cincuenta metros cuadrados Gimnasio privado en terraza: (50) cincuenta metros cuadrados Total área aproximada: (750) setecientos cincuenta metros cuadrados Distribuido en tres niveles: Acceso por ascensor privado al piso (8) Amplias zonas sociales con balcón (6) seis habitaciones Cuarto y baño de servicio Depósito (5) cinco garajes En el piso (10), la terraza privada de (150) metros cuadrados ofrece un espacio ideal para reuniones sociales, complementada con gimnasio privado de (50) metros cuadrados, con acceso interno por escaleras desde el apartamento. Características del edificio Edificio de lujo con (14) catorce años de construido, en excelente estado y con están"
N/A,5000000.0,1083800.0,Chapinero,Bogotá,3,2,81.0,"Apartamento En Arriendo En Chapinero Alto, Bogotá Se arrienda apartamento Amoblado en Chapinero Alto El apartamento tiene un área de 88m2 distribuidos en 3 habitaciones, 2 baños, sala comedor, balcón, cocina abierta, balcón y zona de lavandería. Además, cuenta con 2 garajes, seguridad 24/7. ¡Aprovecha esta oportunidad y agenda una visita para conocerlo!"
N/A,3500000.0,638370.0,Chapinero,Bogotá,2,2,80.0,"Apartamento En Arriendo En Las Acacias, Bogotá Lindo apartamento de 80 Mts2, con dos habitaciones, dos baños, dos parqueaderos, balcón, depósito, excelente ubicación, buenos espacios, vista exterior, iluminación natural. El edificio cuenta con seguridad privada, ascensor."
N/A,2300000.0,0.0,Chapinero,Bogotá,1,1,34.0,"Apartamento En Arriendo En Marly, Bogotá SE RENTA APTO AMOBLADO! Este apartamento cuenta con una habitación amplia y cómoda, perfecta para una persona o una pareja. La sala de estar y el comedor están integrados en un espacio abierto, lo que crea un ambiente acogedor y moderno. El baño está completamente remodelado y cuenta con todas las comodidades necesarias.El apartamento ha sido renovado con un diseño contemporáneo y elegante, utilizando materiales de alta calidad. Los muebles y la decoración han sido cuidadosamente seleccionados para brindar comodidad y estilo.Además, este apartamento de co-living ofrece la opción de alquiler a corto y largo plazo, lo que significa que puedes elegir la duración que mejor se adapte a tus necesidades. Ya sea que estés buscando una estancia temporal o una residencia a largo plazo, este apartamento es una excelente opción.Si tienes alguna pregunta adicional o si deseas obtener más detalles sobre el apartamento, no dudes en preguntar. Estoy aquí para ayudarte. ***"
N/A,9500000.0,0.0,Chapinero,Bogotá,3,3,150.0,"Apartamento En Arriendo En Chapinero, Bogotá Divino, amoblado, apto de 150mts, 3 alcobas, 3 baños, sala comedor con linda vista, cocina, zona de lavandería. Con linda vista. Muy cerca al Centro Andino y al club del Nogal. Agenda tu cita por whatsapp con Claudia García."
N/A,1950000.0,0.0,Chapinero,Bogotá,1,1,60.0,"Apartamento En Arriendo En Marly, Bogotá Apartamento en Arriendo en Marly, sobre Cl. 49 entre Cras. 8 y 13. Área de 60 M2. Piso 5 Exterior. 1 Habitación, Estudio o 2a. Habitación pequeña, 1 Baño con ducha Eléctrica. Cocina abierta eléctrica. SIN Garaje (arriendan en el Edificio), se entrega con Cortinas. Estrato 4, con más de 20 Años, Ascensor, Vigilancia 24 Horas. Precio: $1’950.000 -Incluye Admón.: $290.000."
N/A,23000000.0,0.0,Chapinero,Bogotá,4,5,270.0,"Apartamento En Arriendo En El Nogal, Bogotá Espectacular apartamento en el barrio El Nogal, externo , vista 360 y panoramica, estrato 6, piso 10 o superior, año de construido 2005, cuenta linea blanca y acabados triple AAA, ascensor de servicio,CBS, zona de lavanderia, ascensor privado al apartamento, hall de alcobas, cocina semi abierta, comedor y sala independiente con chimenea, estudio con chimenea, family room, habitacion princnipal con walking closet y baño privado, 2 habitaciones auxiliares cada una con baño privado, 3 parqueaderos independientes bastante amplios para camionetas, parqueaderos de visitantes porteria 24 horas, CCTV. TENER EN CUENTA : NO PERROS Y NO GATOS"
N/A,4000000.0,0.0,Chapinero,Bogotá,1,2,85.0,"Apartamento En Arriendo En Santa Barbara Central, Bogotá Acogedor apartamento amoblado con excelente vista en una de las zonas TOP de Bogotá: Rosales, sobre carrera 7. Canon incluye admin. Agenda tu Cita ! AMC ARRENDAMIENTO MINIMO 6 MESES."
REMODELADO,20000000.0,2800000.0,Chapinero,Bogotá,3,4,270.0,"Apartamento En Arriendo En El Nogal, Bogotá Espectacular apartamento en el corazón de NOGAL, 270 M2, Remodelado, espectacular vista sol mañana tarde vista a la ciudad 360 grados, ventanales de piso a techo, excelente diseño, cortinas eléctricas, acabados de lujo, sala con chimenea, cocina abierta, ascensor al piso, línea blanca, baño y cuarto de servicio dotado, estudio, 3 habitaciones, 4 baños, 3 parquederos y deposito. El edificio cuenta con salón social, squash, gimnasio, parque de niños, parqueadero de visitantes, seguridad 24 hora."
N/A,17000000.0,0.0,Chapinero,Bogotá,3,3,240.0,"Apartamento En Arriendo En El Nogal, Bogotá ? Apartamento en Arriendo | El Nogal, Bogotá D.C. 240 m² | 3 alcobas | 3 baños | 3 garajes | Estudio + Chimenea Vive con estilo en uno de los barrios más exclusivos de Bogotá. Este apartamento de 240 m² ofrece amplitud, elegancia y funcionalidad en una ubicación privilegiada. ✨ Características principales: ?️ 3 alcobas con baño privado ? 3 garajes independientes ? Chimenea para noches acogedoras ? Estudio o biblioteca ideal para home office ?️ Cocina integral con despensa + zona de lavandería ? Piso de madera que aporta calidez y sofisticación ?️ Comodidades y seguridad: ?️ Portería y recepción 24/7 ? Servicios de agua, luz y gas domiciliario ? Excelente iluminación natural y ventilación ?️ Fácil acceso a transporte público ? Ubicado en El Nogal, cerca de restaurantes, comercios y zonas verdes. ? Ideal para quienes buscan confort, privacidad y una vida urbana de alto nivel. CANON INCLUYE ADMINISTRACIÓN! ? ¡Agenda tu visita y descubre tu próximo hogar!"
N/A,2600000.0,0.0,Chapinero,Bogotá,1,1,37.0,"Apartamento En Arriendo En Bogotá Apartamento Arriendo 37 mts Cundinamarca BOGOTÁ CHAPINERO ALTO Codigo Coninsa:44797 Apartaestudio en Chapinero Alto, con excelente ubicación cerca de la Carrera 7. Cuenta con 1 alcoba, 2 baños, sala comedor, cocina integral. Un espacio moderno, cómodo y bien distribuido, ideal para quienes buscan vivir en un sector central, con fácil acceso a transporte, comercio y servicios."
N/A,6400000.0,0.0,Chapinero,Bogotá,3,3,133.0,"Apartamento En Arriendo En Bellavista, Bogotá Administración de $ ***ya incluida en el canon. El edificio queda en una zona estratégica residencial de la ciudad, ubicado sobre carrera, en el barrio Rosales, a una cuadra arriba de la circunvalar. Es un edificio inteligente (domotizado), por lo cual cuenta con circuito cerrado de televisión. Es un apartamento tiene espacios independientes, todos de tamaño muy generoso. La zona social es completamente independiente de las habitaciones y del cuarto de estar. Tanto la sala, como el comedor y la habitación principal, tienen vista hacia arboles, y al ser interior hace que sea muy silencioso. Cuenta con un total de 3 habitaciones, la principal con baño privado, y walk-in closet. La puerta de entrada al apartamento es de seguridad."
N/A,3900000.0,500000.0,Chapinero,Bogotá,1,1,45.0,"Apartamento En Arriendo En Chapinero, Bogotá Espectacular apartamento amoblado en la zona exclusiva del Nogal en Bogotá cuenta con una amplia y luminosa habitación con modernos acabados, cocina totalmente equipada, baño cómodo, sala-comedor perfecta para recibir visitas. Un apartamento funcional, facilidad de vías de acceso y transporte público, cercanía a centros comerciales y restaurantes, listo para que lo habites y disfrutes de una de las mejores zonas de la ciudad. No dudes en contactarnos para coordinar una visita."
N/A,5500000.0,0.0,Chapinero,Bogotá,2,2,61.0,"Apartamento En Arriendo En Chapinero Alto, Bogotá ESTRENAR apartamento con ESPECTACULAR VISTA a la Ciudad, cuenta con 2 habitaciones, 2 baños, cocina abierta, 1 garaje. ZONAS COMUNES salon social, zonas de coworking, gimnasio, zonas humedaS, zona de juegos, lobby."
N/A,7250000.0,750000.0,Chapinero,Bogotá,2,3,158.0,"Apartamento En Arriendo En Quinta Camacho, Bogotá Hermoso apartamento amoblado cuenta con todas las comodidades y todo lo que necesites. Al ingresar encontramos una amplia sala comedor con cocina americana, cuarto y baño de servicio, un studio semi independiente y cuenta con dos habitaciones la principal en baño suite. DISPONIBLES 1 MARZO"
N/A,3950000.0,0.0,Chapinero,Bogotá,1,1,39.0,"Apartamento En Arriendo En El Nogal, Bogotá Este hermoso apartamento tipo loft con diseño moderno se encuentra parcialmente amoblado que incluye, microondas, nevera, estufa, persianas con blackout y lavadora secadora. este magnifico edificio inteligente cuenta con: terraza comunal, coworking, biblioteca, salon de juegos para el disfrute y comodidad de sus residentes. Precio incluye administración"
N/A,3200000.0,675000.0,Chapinero,Bogotá,1,1,47.0,"Apartamento En Arriendo En Los Rosales, Bogotá Acogedor apartamento de una habitación, amoblado y remodelado, ubicado en una calle cerrada en Rosales, con vista al verde y espacios bien aprovechados. Está a solo una cuadra de la Carrera Quinta y tres cuadras de la Séptima con Calle 72, en una zona segura y vibrante que ofrece una excelente oferta de restaurantes, cafés, hoteles y parques. Ideal para extranjeros que buscan una experiencia única y confortable viviendo en una de las mejores áreas de Bogotá."
N/A,2971000.0,929000.0,Chapinero,Bogotá,1,2,80.0,"Apartamento En Arriendo En Los Rosales, Bogotá Apartamento tipo Loft, en sector Rosales. Consta de baño social, habitación con baño privado y 2 closets, amplia sala comedor con chimenea y balcón, cocina con isla. 2 garajes y depósito. El Edificio con diseño vanguardista, cuenta con piscina. Valor canon $2.861.000 mas admon $839.00 Total $3.700.000"
N/A,1438000.0,222000.0,Chapinero,Bogotá,1,1,30.0,"Apartamento En Arriendo En Chapinero Alto, Bogotá Excelente apartamento ubicado en Chapinero con hermosa vista a la ciudad de Bogotá desde el piso 28, área de 30 m2, a 2 cuadras de la Circunvalar, Vecino a la Universidad, Javeriana Externado, Manuela Beltrán y de los colegios Nueva Granda y Rosario Santo Domingo, con facilidad al transporte, muy buena iluminación natural, 1 solo ambiente con closets, 1 baño, sala comedor, cocina integral con estufa y calentador eléctrico. El edificio cuenta con zonas sociales, zona de coworking, Lavandería comunal, Sauna, Turco, Jacuzzi, terraza, servicio de ruta circular y vigilancia perimetral con guardas y sistema cerrado de vigilancia 24x7. ***"
N/A,2300000.0,0.0,Chapinero,Bogotá,1,1,32.0,"Apartamento En Arriendo En Chapinero, Bogotá Te presentamos este lindo y comodo apartaestudio tipo loft en Chapinero central, este apartaestudio es totalmente abierto donde la cocina, la sala y el dormitorio forman parte de un área común, en adición este moderno apartaestudio cuenta con un baño completo. El edificio ofrece para el disfrute de su residentes Piscina, Gimnasio, Salon comunal."
N/A,11000000.0,2838000.0,Chapinero,Bogotá,3,4,299.0,"Apartamento En Arriendo En Chapinero, Bogotá Excelente apartamento para Venta con potencial increíble para remodelar a su gusto. Su ubicación privilegiada muy cerca a la Cra 7 en calle 92 , con vista increíble a los árboles del parque del Museo del Chicó. Cuenta con 3 cuartos cada una con baño , la habitación principal es de gran tamaño con walkin closet y baño muy amplio. La 2da habitacion es también muy comoda y con baño interno. la 3era habitación no se queda atrás cuenta con walking closet y un baño extremadamente cómodo. La zona social es amplia y tiene salida a un balcon que colinda con el parque del Museo del chico. el comedor es super amplio e iluminado. Su cocina es espaciosa y la zona de lavanderia es independiente, también cuenta con baño y cuarto de servicio. El apto se encuentra en muy buenas condiciones para vivirlo asi como esta o para remodelarlo . Este apto es una joya en la ciudad , su luminosidad y su vista que nunca serán modificadas. No te pierdas la oportunidad de conocerlo"
N/A,47000000.0,9000000.0,Chapinero,Bogotá,4,4,464.0,"Apartamento En Arriendo En Chapinero, Bogotá ¡Dluxe presenta este espectacular apartamento de 4 habitaciones en la prestigiosa reserva urbana de Santa María! Ingreso al lujoso apartamento a través del ascensor privado, con tarjeta de ingreso. Al abrir sus puertas, una puerta de seguridad nos recibe en un amplio recibidor. Giramos a la izquierda hacia la zona social, amplia y con un balcón con vistas a los jardines del conjunto y la ciudad. A la derecha, una puerta corrediza conecta con el estudio social, con una imponente chimenea. Hacia la izquierda, la cocina amplia con isla y ventana con vista. Al fondo, una gran despensa, patio de ropas y alcoba de servicio. Hacia la derecha, el baño social y corredor que lleva a la zona privada: family room y 4 habitaciones, cada una con baño y closet. El walk-in closet de la alcoba principal destaca por su elegancia gracias a luces indirectas."
N/A,5800000.0,1030000.0,Chapinero,Bogotá,2,3,121.0,"Apartamento En Arriendo En Emaus, Bogotá ¡Bienvenido a tu nuevo hogar en la Zona G! Este espectacular apartamento moderno ofrece una vista al occidente. Con amplios espacios que invitan a la comodidad y el estilo, cada rincón está diseñado para maximizar la iluminación natural, creando un ambiente cálido y acogedor. El edificio cuenta con tecnología inteligente que facilita tu día a día, además de un servicio de conserjería durante el día para atender todas tus necesidades. Ya sea que busques un lugar para relajarte o para recibir a tus amigos, este apartamento es el espacio perfecto para vivir con estilo y confort. ¡No pierdas la oportunidad de hacer de este lugar tu nuevo hogar!"
N/A,3400000.0,0.0,Chapinero,Bogotá,2,1,47.0,"Apartamento En Arriendo En Chapinero Alto, Bogotá No se aceptan mascotas. Cálido y Acogedor Apartamento de 47 m² de área privada, con una terraza de uso exclusivo de 22 m², Agradable, con muy buena luz natural, Piso 2, con Ascensor, 2 Habitaciones, 1 Baño, Cocina Integral Con Zona de Lavandería independiente, Sala Comedor con Chimenea, 1 Garaje Cubierto, Sector Estratégico, Excelente Ubicación, vigilancia 24 horas. Cerca de Avenida Circunvalar, Carrera 5, Carrera 7, Calle 53, Centros y Zonas Comerciales. El canon incluye administración."
N/A,3000000.0,0.0,Chapinero,Bogotá,1,1,43.0,"Apartamento En Arriendo En Chapinero, Bogotá Arriendo aparta estudio en Chapinero Aparta estudio con terraza en Chapinero (Cra 7 #72) Ubicado en una excelente zona financiera y empresarial sobre la carrera 7 - 43 mts cuadrados +8 mts de terraza - Completamente remodelado - Piso 6 interior - 1 habitación - Terraza abierta - 1 baño - Cocina abierta - Zona de lavandería - 1 parqueadero - La puerta de entrada tiene chapa digital de seguridad - Edificio vigilancia las 24 horas - Edificio 40 años Arriendo ***incluida administración Ref; MAU-BR003"
N/A,1470000.0,0.0,Chapinero,Bogotá,1,1,22.0,"Apartamento En Arriendo En Marly, Bogotá Apartaestudio nuevo para estrenar, tipo loft, exterior, balcón, baño, cocina. Estrato 4. Sin garaje. Excelebte ubicación cerca de zona universitaria, comercial y bancaria. Transporte Sitp, transmilenio."
N/A,2800000.0,0.0,Chapinero,Bogotá,2,2,62.0,"Apartamento En Arriendo En Chapinero Central, Bogotá Descubra este encantador apartamento, completamente remodelado y listo para estrenar, que ofrece una inigualable vista exterior y una ubicación privilegiada. Con 60 m² de espacio inteligentemente distribuido, este hogar en un segundo piso, sin ascensor, se distingue por su balcón privado y una luminosidad excepcional que inunda cada rincón. Los elegantes pisos en madera laminada aportan calidez y modernidad. Cuenta con dos acogedoras alcobas, ambas equipadas con amplios clósets, y dos baños completos con modernas divisiones en vidrio y ducha eléctrica. La cocina integral, funcional y con uso de cilindro a gas, se complementa con una zona de lavandería independiente y espaciosa, añadiendo practicidad a su día a día. Una oportunidad única para vivir con estilo y confort."
N/A,4500000.0,800000.0,Chapinero,Bogotá,2,2,69.0,"Apartamento En Arriendo En Castilla, Bogotá SE ARRIENDA POR ASEGURADORA Apartamento EXTERIOR, ILUMINADO, REMODELADO, LINDOS ACABADOS, MODERNO. Segundo Piso. Barrio El Castillo - Arriba de la Circunvalar. Cuenta con Sala - Comedor, Vista a las Montañas, CHIMENEA a GAS, Cocina Integral ABIERTA, Horno Eléctrico, Closet de Linos, Lavadora de Platos, Caldera, Baño COMPLETO de Habitaciones. Espacio para Lavadora. DOS Habitaciones. La Habitación Principal cuenta con Baño Privado, Vestier y Balcón con Vista a la CIUDAD. Cerradura Electrónica. El Edificio cuenta con Sala de Juntas, Salón Comunal con Billar y Terraza, Gimnasio con TERRAZA y Tepanyaki en el PISO 10, Vigilancia 24 Horas, Parqueadero de Visitantes. Cerca de Av Circunvalar, Restaurantes, Cafés, Comercio, Politécnico Grancolombiano. ***"
N/A,18000000.0,0.0,Chapinero,Bogotá,4,5,365.0,"Apartamento En Arriendo En El Chico, Bogotá ARRIENDO ESPECTACULAR APARTAMENTO DUPLEX EN CHICO Te invitamos a conocer este hermoso apartamento en arriendo en el mejor sitio de Bogota, a una cuadra del parque de la 93 y a una cuadra del Parque del Chico. Área de 365 metros. piso 5 Exterior, Duplex cuenta con 4 habitaciones o pueden ser 5 y cada una con su baño, Cocina cerrada grande y cuarto y baño del servicio, Estudio inmenso con chimenea. Sala grandísima y comedor independiente. Todo los espacios muy generosos. Arriba las habitaciones cada una con baño, Terraza en la habitación principal y balcón en otra de las habitaciones, 4 parqueaderos independientes y depósito. Súper sitio. El edifico Cuenta con Caldera, salón social, parqueaderos visitantes, Terraza en la zona social."
N/A,9500000.0,0.0,Chapinero,Bogotá,3,2,140.0,"Apartamento En Arriendo En Los Rosales, Bogotá Disponible para arriendo apartamento en Rosales Apartamento en 6 piso de 140mts, espectacular vista, 3 habitaciones, 1 estudio, 2 baños, 2 garajes. Apartamento amoblado, con línea blanca de la más alta calidad (Horno eléctrico, estufa de inducción, lavavajillas, nevera, lavadora y secadora) ventanería filtro UV, piso importado de alto desempeño. Nota: El apartamento se alquila amoblado que incluye: muebles sala, comedor con 4 sillas, mesa cocina, menaje cocina, aspiradora de agua Karcher, Cama King habitación principal con juego de sábanas, dos mesas de noche habitación principal, mueble televisor habitación principal, televisor habitación principal, televisor habitación 1, sofa y escritorio habitación 2, silla computador habitación 2. Escritorio y silla, computador estudio. Administración incluida"
N/A,10000000.0,1980000.0,Chapinero,Bogotá,3,3,190.0,"Apartamento En Arriendo En Los Rosales, Bogotá Ofrecemos este espectacular apartamento en una de las zonas mas exclusivas de la ciudad. Son 190 M2, tres habitaciones con excelente iluminacion natural, dos baños completos y baño social. Estudio, estar de television, sala con chimenea convencional, comedor independiente, cocina integral con doble acceso con gran espacio, zona de lavanderia independiente, cuarto y baño de servicio. A este apartamento le corresponden 3 garajes, dos de ellos en servidumbre y uno independiente, un deposito. vista exterior a la quebrada a vieja."
N/A,1590000.0,0.0,Chapinero,Bogotá,1,1,30.0,"Apartamento En Arriendo En Chapinero, Bogotá Lindo apartamento iluminado, excelente estado. Una alcoba independiente. Exterior, con vista al occidente y todo el sol de la tarde. Piso en madera laminada, sala comedor, cocina abierta y espacio para lavadora. Edificio con vigilancia 24 horas. Excelente ubicación, con muy buenas vías de acceso, la 7, la 13, calle 45 y Av. Caracas."
N/A,2000000.0,0.0,Chapinero,Bogotá,1,1,33.0,"Apartamento En Arriendo En Chapinero, Bogotá ? Se arrienda moderno apartaestudio para estrenar 32 m², con una habitación, espacio disponible para segunda habitación o estudio, un baño, cocina integral y parqueadero independiente. Ubicado en 4° piso con ascensor. Calle 60 #14A-59 edif open C 60 Edificio nuevo con excelentes zonas comunes: gimnasio, zona BBQ, coworking, sauna, lavandería zonas infantiles, zona pet friendly entre otros. Canon mensual: $2.000.000 (incluye administración). ? Informes WhatsApp : ***"
N/A,1650000.0,0.0,Chapinero,Bogotá,1,1,23.0,"Apartamento En Arriendo En Galerias, Bogotá APARTAESTUDIO AMOBLADO EN ARRIENDO – GALERÍAS Ubicación estratégica cerca al Centro Comercial Galerías – Bogotá Moderno aparta estudió tipo espacio abierto, completamente amoblado, ideal para una persona o pareja que busque comodidad, ubicación y servicios en un solo lugar. ✨ Características del inmueble • Espacio abierto tipo loft • Baño privado • Cocina equipada • Mueble para comedor • Excelente iluminación ? Edificio inteligente con zonas comunes • Cuarto de lavandería • Terraza • Zona de cafetería / coworking • Parqueaderos comunales ? El canon incluye administración ? Arriendo directo – Sin intermediarios ? Mayor información: ***"
N/A,2200000.0,0.0,Chapinero,Bogotá,2,2,90.0,"Apartamento En Arriendo En Chapinero, Bogotá Amplio apartamento 2 habitaciones, más alcoba de servicio y, estudio, dos baños. Alcoba principal con vestier, clósets, mueble empotrado para TV y baño independiente. Segunda habitación con clóset y mueble empotrado para TV con espacios de almacenamiento adicional, tiene acceso a un baño completo que funciona para las otras áreas del apartamento. Ambientes independientes y ventanas que brindan excelente iluminación de luz natural y vista a los cerros orientales. Amplia sala comedor, cocina independiente y funcional zona de lavado."
N/A,2700000.0,700000.0,Chapinero,Bogotá,1,1,52.0,"Apartamento En Arriendo En Chapinero, Bogotá Espectacular apartamento tipo Loft con gran balcón y vista inigualable en piso 12. Edificio moderno con piscina, gimnasio, coworking, BBQ, entre otras amenidades. El apartamento cuenta con amplios espacios, muy iluminado y ventanería antiruido. Una habitación con baño, cocina moderna y zona de ropas. Balcón con vista al occidente que recibe el sol de la tarde. Parqueadero independiente incluido. La administración ya está incluida en el precio del arriendo."
N/A,1700000.0,0.0,Chapinero,Bogotá,1,1,35.0,"Apartamento En Arriendo En Chapinero, Bogotá Te invitamos a conocer este encantador apartamento tipo loft para arriendo. Al ingresar, un amplio closet a tu izquierda y un baño completo a tu derecha, te brindan comodidad desde el principio. A medida que avanzas, te sumerges en una hermosa cocina, junto con el área de comedor y sala. El área destinada para la habitación, cuenta con una cómoda cama y televisión, cuenta con dos grandes ventanas, que permiten el paso de la luz y una maravillosa vista a la ciudad. EL APTO NO TIENE PARQUEADERO NI DEPOSITO. Este conjunto residencial ofrece más que solo el apartamento. Además de las comodidades, como la zona de lavandería comunal, disfrutarás de una ruta de transporte privada y la disponibilidad de salones sociales y de estudio, salones de juego, teatrino, gimnasio, terrazas y proximamente, zonas húmedas. Además, su ubicación privilegiada lo sitúa cerca de supermercados, colegios y universidades. Si deseas realizar una visita, con gusto te atenderemos. Arriendo directo sin intermediarios"
N/A,7000000.0,0.0,Chapinero,Bogotá,4,3,120.0,"Apartamento En Arriendo En Chapinero, Bogotá Amplio y cómodo apartamento amoblado ubicado en Chapinero Alto, una de las zonas más tranquilas y estratégicas de Bogotá. Diseñado para 1-2 personas que busquen espacio, privacidad y confort durante una su estadía en la capital. El apartamento cuenta con 114 m², distribuidos en tres habitaciones, un estudio y tres baños, lo que permite tener áreas independientes para descanso, trabajo y visitas ocasionales. Se encuentra en cuarto piso con ascensor y cuenta con parqueadero privado. Ideal para ejecutivos, profesionales, consultores o personas en traslado temporal, que valoran la amplitud, el silencio y una ubicación central, cercana a zonas empresariales, clínicas, universidades y vías principales. La portería es 24h y hay CCTV en el edificio."
N/A,1700000.0,430000.0,Chapinero,Bogotá,1,1,21.0,"Apartamento En Arriendo En Chapinero, Bogotá Este lugar tiene una ubicación estratégica. Apartamento ideal para trabajo remoto, trabajo presencial en la zona financiera de Bogotá o unas vacaciones muy amenas. Cuenta con: -Terraza -4 Salas de juntas -1 barra de co-working -Salón de juegos -BBQ -Terraza tranquila para meditar o hacer yoga -Vista increíble a la montaña -Estacionamiento de bicicletas y automóviles -Supermercado, gimnasio, teatro y pub cerca -La avenida séptima principal avenida a una cuadra **SE ARRIENDA AMOBLADO**"
N/A,3297000.0,0.0,Chapinero,Bogotá,1,1,38.2,"Apartamento En Arriendo En Quinta Camacho, Bogotá LiveSpace Calle 72 (Cl. 72 #11-61) ofrece apartamentos en arriendo para un estilo de vida moderno y confortable. Cuenta con cocina integrada con acabados contemporáneos, full equipado con línea blanca (Nevera, Microondas y Lavasecadora). Además, ofrecemos la posibilidad de arrendarlo amoblado por un valor adicional. El proyecto cuenta con: - Servicio de internet incluido en el canon - Vigilancia 24/7 - Gimnasio - Coworking amplio y bien equipado - Zonas de BBQ - Cocina Social - Salones sociales - Terraza con lounge interior y exterior - Pet Park en el último piso - Equipo de mantenimiento en sitio - Wifi en zonas comunes"
N/A,2850000.0,0.0,Chapinero,Bogotá,2,1,50.0,"Apartamento En Arriendo En Chapinero, Bogotá Se arrienda hermoso apartamento en edificio automatizado. Es exterior, muy iluminado y con agradable vista a la calle 46. Cuenta con amplia sala–comedor, dos habitaciones con clóset, cocina integral, zona de ropas independiente y estudio, ideal para trabajo o estudio en casa. Excelente distribución y ubicación."
N/A,1700000.0,0.0,Chapinero,Bogotá,1,1,42.0,"Apartamento En Arriendo En Chapinero, Bogotá Apartaestudio de 42 m2, sala comedor, comedor tipo americano, cocina abierta, una alcoba amplia con doble clóset, espacio para mueble biblioteca, un baño, tercer piso exterior bastante iluminado en la carrera 7 con 43 esquina Porteria 24 horas, circuito cerrado de televisión y ascensor $1.650.000 Arriendo y administración mensual"
N/A,2900000.0,0.0,Chapinero,Bogotá,1,2,50.0,"Apartamento En Arriendo En Chapinero, Bogotá Espectacular apartamento tipo loft en chapinero alto, ideal para estudiantes o parejas jóvenes. El apto cuenta con malla para gato en el balcón. Muy buena ubicación, cerca de la zona g, carulla de la 63, quinta Camacho y la zona financiera de la 72. Fácil acceso a universidades y centros médicos más importantes (U. Javeriana, La salle, la Sergio arboleda) Disponible desde la 2da semana de Enero."
N/A,1250000.0,0.0,Chapinero,Bogotá,1,1,35.0,"Apartamento En Arriendo En Chapinero, Bogotá Apartamento de una habitación con closet, baño, con división en vidrio templado y calentador, sala comedor, cocina a gas, zona de ropas que tiene lavadero, tendedero y conexión para lavadora. El apartamento está dentro de un edificio de 7 pisos, que tiene vigilancia las 24 horas, cámaras de seguridad y ascensor."
N/A,5200000.0,2081000.0,Chapinero,Bogotá,3,3,165.0,"Apartamento En Arriendo En La Salle, Bogotá Apartamento ubicado en exclusivo sector de la ciudad, amplio, lujoso con un área aproximada de 165 Mts. cuadrados aproximadamente, consta de sala comedor amplia con un closet, para lencería, estudio con un mueble estilo biblioteca, dos alcobas la principal con vestier, baño y balcón, la otra con closet y balcon, otro baño principal con calentador a gas, un baño social, alcoba y baño de servicio también con closet, amplia cocina integral abierta a gas, terraza, cuenta con blackouts, dos depositos, cuatro parqueaderos cubiertos, el edificio cuenta con salon comunal, terraza para BBQ, portería permanentemente, edificio ubicado sobre la circunvalar, zona residencial, cerca a universidades, colegios, hospitales, tiendas de barrio, vías principales y alternas."
N/A,3300000.0,0.0,Chapinero,Bogotá,1,2,50.0,"Apartamento En Arriendo En Chapinero, Bogotá ARRIENDO lindo y moderno apartamento en EL POLO con abundante luz y balcón. Piso 2 SE ARRIENDA CON LINEA BLANCA Y CAMA DOBLE EMPOTRADA ?$3.300.000 con admin incluida * 50 metros * ⁠1 alcoba * ⁠Estudio * ⁠2 baños * ⁠Balcón amplio * ⁠Cocina abierta * ⁠Zona de lavandería * ⁠NO cuenta con parqueadero pero hay posibilidad de alquilarlo * ⁠2 años de construido El edificio cuenta con vigilancia 24 horas, zona de lavandería comunal, coworking, terraza con BBQ y gimnasio. Muy bien ubicado cerca al parque del Virrey y estación de transmilenio."
N/A,4650000.0,0.0,Chapinero,Bogotá,3,2,109.0,"Apartamento En Arriendo En Chapinero Alto, Bogotá Apartamento dúplex en arriendo en Chapinero Alto. El inmueble cuenta con 109 m2 de los cuales contarás con sala comedor con vista al interior , cocina integral cerrada, zona de lavandería, 3 habitaciones, 2 baños completos, estudio, terraza y 2 parqueaderos. La ubicación del edificio permite el acceso a la carrera séptima. También se encuentra cerda de restaurantes, centros comerciales y supermercados. El apartamento estará disponible a partir del 20 de marzo"
N/A,7500000.0,1000000.0,Chapinero,Bogotá,3,3,152.0,"Apartamento En Arriendo En Chapinero, Bogotá Excelente oportunidad de inversión en Bogotá D.C. Este apartamento de 154 m&sup2; se encuentra en una ubicación privilegiada, en una zona residencial de alto prestigio con fácil acceso a servicios y transporte. Cuenta con 3 amplias habitaciones, cada una con armarios empotrados y acabados de excelente calidad, 3 baños, moderna cocina integral, chimenea y piso de madera en excelente estado. Además, incluye depósito, doble ventana. El edificio ofrece vigilancia 24/7, garaje, parqueadero para visitantes, y un área social acogedora. Perfecto para vivir o rentar en una de las zonas más vibrantes y cotizadas de la ciudad."
N/A,8597000.0,1903000.0,Chapinero,Bogotá,3,5,150.0,"Apartamento En Arriendo En El Refugio, Bogotá Arriendo con administracion $10.500.000 + consumo de caldera. Apto de lujo en Rosales, con acceso directo desde el ascensor, en un 3er piso. Ingresando tenemos sala comedor con chimenea y balcón, se integra con la cocina la cual se puede independizar al cerrar las puertas. Zona de lavandería independiente y depósito. Luego tenemos el hall de alcobas, baño social, closet de linos, 3 habitaciones todas con baño, la principal con walking closet. 2 parqueaderos independientes y depósito. Ed sobrio y moderno. Cuenta con un roof top que ofrece una gran vista a los cerros, dos salas con calentador y bbq, baños sociales, salon para niños, gym, sauna y salón de escoltas. Planta de suplencia total y caldera."
N/A,4800000.0,500000.0,Chapinero,Bogotá,2,2,61.0,"Apartamento En Arriendo En Chapinero, Bogotá Este apartamento en arriendo en Chapinero, Bogotá, ofrece un ambiente moderno y vistas impresionantes desde el piso 31. Cuenta con dos habitaciones espaciosas, ideal para quienes buscan comodidad y una ubicación estratégica en la ciudad. La propiedad está sin amoblar, permitiendo que dejes volar tu imaginación y decores cada rincón a tu gusto. Además, dispone de un parqueadero individual, un detalle conveniente para tus movimientos en la ciudad. La zona es conocida por su vibrante oferta cultural y gastronómica, así que siempre tendrás algo interesante que ver o hacer al salir de casa. La conexión con el resto de la ciudad es excelente, facilitando tu día a día. No pierdas esta oportunidad de vivir en uno de los sectores más dinámicos de Bogotá. Pide tu visita ya y empieza a construir momentos en este increíble hogar. Contáctanos para agendar tu visita y ver de cerca esta oportunidad única!"
